{"graph": {"_type": "graph-file", "path": "media/graph/graph_summary_ecb3de08.graph.json", "sha256": "ecb3de08ecfd66f96d0932c710f0e7358889e61d135e070862e7e321ec81d629", "size": 498}, "true_negatives": 5550.0, "_step": 3, "false_positives": 317.0, "false_negatives": 629.0, "loss": 0.20726457238197327, "_runtime": 54.947627544403076, "true_positives": 5238.0, "epoch": 3, "_timestamp": 1593568453.983489, "accuracy": 0.9193795919418335}
