{"graph": {"_type": "graph-file", "path": "media/graph/graph_summary_ecb3de08.graph.json", "sha256": "ecb3de08ecfd66f96d0932c710f0e7358889e61d135e070862e7e321ec81d629", "size": 498}, "true_negatives": 5585.0, "false_positives": 282.0, "epoch": 3, "false_negatives": 664.0, "_runtime": 187.42682194709778, "accuracy": 0.9193795919418335, "_step": 3, "_timestamp": 1593588417.2863548, "true_positives": 5203.0, "loss": 0.19945253431797028}
