{"graph": {"_type": "graph-file", "path": "media/graph/graph_summary_ecb3de08.graph.json", "sha256": "ecb3de08ecfd66f96d0932c710f0e7358889e61d135e070862e7e321ec81d629", "size": 498}, "_timestamp": 1593554255.9584243, "epoch": 3, "_step": 3, "accuracy": 0.9134992361068726, "false_negatives": 683.0, "true_positives": 5184.0, "_runtime": 44.58783411979675, "true_negatives": 5535.0, "false_positives": 332.0, "loss": 0.2039809674024582}
