{"graph": {"_type": "graph-file", "path": "media/graph/graph_summary_070e760f.graph.json", "sha256": "070e760f2fc4aa284a7fe9c510d8200cd36109efd042269760508425ab52f0a9", "size": 497}, "loss": 0.11581888794898987, "true_positives": 5488.0, "accuracy": 0.9531276822090149, "false_positives": 171.0, "_timestamp": 1593554598.1538358, "true_negatives": 5696.0, "epoch": 19, "_step": 19, "false_negatives": 379.0, "_runtime": 18.582266330718994}
