{"graph": {"_type": "graph-file", "path": "media/graph/graph_summary_73ab32b0.graph.json", "sha256": "73ab32b0d791a723e793158f50c9907c6d8af7eb9aa4a9f53e392d536c4b6127", "size": 383}, "_runtime": 15.684051752090454, "_timestamp": 1593556081.7708247, "false_negatives": 232.0, "true_positives": 380.0, "loss": 0.4372393488883972, "accuracy": 0.7766884565353394, "_step": 9, "false_positives": 178.0, "true_negatives": 1046.0, "epoch": 9}
