{"graph": {"_type": "graph-file", "path": "media/graph/graph_summary_73ab32b0.graph.json", "sha256": "73ab32b0d791a723e793158f50c9907c6d8af7eb9aa4a9f53e392d536c4b6127", "size": 383}, "accuracy": 0.9275609254837036, "true_negatives": 5570.0, "_step": 4, "_timestamp": 1593558285.3176806, "true_positives": 5314.0, "_runtime": 49.92978882789612, "false_negatives": 553.0, "loss": 0.181556835770607, "false_positives": 297.0, "epoch": 4}
