{"graph": {"_type": "graph-file", "path": "media/graph/graph_summary_c2f03f4c.graph.json", "sha256": "c2f03f4c968c8cb712b9629fcef98d480b95a92e2250939d821406b16cfe5983", "size": 498}, "true_negatives": 1054.0, "false_negatives": 218.0, "_timestamp": 1593555986.5320938, "loss": 0.425743043422699, "_runtime": 16.61509394645691, "accuracy": 0.7886710166931152, "true_positives": 394.0, "epoch": 9, "_step": 9, "false_positives": 170.0}
