{"graph": {"_type": "graph-file", "path": "media/graph/graph_summary_73ab32b0.graph.json", "sha256": "73ab32b0d791a723e793158f50c9907c6d8af7eb9aa4a9f53e392d536c4b6127", "size": 383}, "_step": 19, "false_negatives": 102.0, "epoch": 19, "accuracy": 0.8812636137008667, "loss": 0.26592525839805603, "true_positives": 510.0, "_timestamp": 1593557145.6158097, "false_positives": 116.0, "true_negatives": 1108.0, "_runtime": 44.953150272369385}
