{"graph": {"_type": "graph-file", "path": "media/graph/graph_summary_c2f03f4c.graph.json", "sha256": "c2f03f4c968c8cb712b9629fcef98d480b95a92e2250939d821406b16cfe5983", "size": 498}, "false_positives": 295.0, "true_negatives": 5572.0, "true_positives": 5238.0, "_timestamp": 1593568341.7177937, "_runtime": 33.785629749298096, "accuracy": 0.9212544560432434, "loss": 0.19422882795333862, "epoch": 3, "false_negatives": 629.0, "_step": 3}
