{"graph": {"_type": "graph-file", "path": "media/graph/graph_summary_f67a6646.graph.json", "sha256": "f67a6646ccaa50fbda28cc28cd904c44467e3077c0b0115b7666888261241d8f", "size": 383}, "epoch": 4, "accuracy": 0.9229589104652405, "true_positives": 5279.0, "false_positives": 316.0, "loss": 0.19058164954185486, "true_negatives": 5551.0, "false_negatives": 588.0, "_timestamp": 1593567976.5814369, "_runtime": 64.36286091804504, "_step": 4}
