{"graph": {"_type": "graph-file", "path": "media/graph/graph_summary_397c00c7.graph.json", "sha256": "397c00c7c5432cb783201c893b7843d7234a10ff90dc3cc10dfa9fb6989f0b1d", "size": 501}, "false_negatives": 499.0, "_step": 9, "loss": 0.15844103693962097, "_runtime": 51.79742431640625, "epoch": 9, "true_positives": 5368.0, "accuracy": 0.936168372631073, "false_positives": 250.0, "_timestamp": 1593555189.40935, "true_negatives": 5617.0}
