{"graph": {"_type": "graph-file", "path": "media/graph/graph_summary_c2f03f4c.graph.json", "sha256": "c2f03f4c968c8cb712b9629fcef98d480b95a92e2250939d821406b16cfe5983", "size": 498}, "accuracy": 0.9557695388793945, "loss": 0.10677309334278107, "_runtime": 32.3071825504303, "_step": 14, "epoch": 14, "_timestamp": 1593568258.0915494, "false_negatives": 334.0, "true_positives": 5533.0, "false_positives": 185.0, "true_negatives": 5682.0}
