{"graph": {"_type": "graph-file", "path": "media/graph/graph_summary_070e760f.graph.json", "sha256": "070e760f2fc4aa284a7fe9c510d8200cd36109efd042269760508425ab52f0a9", "size": 497}, "accuracy": 0.9541503190994263, "_step": 19, "false_positives": 184.0, "_runtime": 22.583664655685425, "epoch": 19, "true_positives": 5513.0, "true_negatives": 5683.0, "loss": 0.11112168431282043, "_timestamp": 1593555040.683149, "false_negatives": 354.0}
