{"graph": {"_type": "graph-file", "path": "media/graph/graph_summary_73ab32b0.graph.json", "sha256": "73ab32b0d791a723e793158f50c9907c6d8af7eb9aa4a9f53e392d536c4b6127", "size": 383}, "true_positives": 445.0, "epoch": 19, "true_negatives": 1074.0, "false_positives": 150.0, "false_negatives": 167.0, "_timestamp": 1593556142.2059197, "_step": 19, "loss": 0.34778621792793274, "accuracy": 0.8273420333862305, "_runtime": 32.99628663063049}
