{"graph": {"_type": "graph-file", "path": "media/graph/graph_summary_554fdf6c.graph.json", "sha256": "554fdf6c1ea97f30842115bed3b56efb88909ca9fbcd83892b883c81d8298f6c", "size": 385}, "epoch": 4, "_step": 4, "false_positives": 273.0, "true_negatives": 5594.0, "_runtime": 56.23127365112305, "accuracy": 0.9232146143913269, "loss": 0.1884155422449112, "false_negatives": 628.0, "true_positives": 5239.0, "_timestamp": 1593568081.3916235}
