{"graph": {"_type": "graph-file", "path": "media/graph/graph_summary_73ab32b0.graph.json", "sha256": "73ab32b0d791a723e793158f50c9907c6d8af7eb9aa4a9f53e392d536c4b6127", "size": 383}, "_step": 19, "true_negatives": 5724.0, "_runtime": 158.2981333732605, "loss": 0.11218182742595673, "epoch": 19, "true_positives": 5478.0, "false_negatives": 389.0, "accuracy": 0.9546616673469543, "false_positives": 143.0, "_timestamp": 1593557518.706947}
