{"graph": {"_type": "graph-file", "path": "media/graph/graph_summary_ecb3de08.graph.json", "sha256": "ecb3de08ecfd66f96d0932c710f0e7358889e61d135e070862e7e321ec81d629", "size": 498}, "true_negatives": 5531.0, "accuracy": 0.9240668416023254, "epoch": 3, "false_positives": 336.0, "loss": 0.189037024974823, "true_positives": 5312.0, "_step": 3, "_runtime": 13.601775169372559, "false_negatives": 555.0, "_timestamp": 1593554549.3664443}
