{"graph": {"_type": "graph-file", "path": "media/graph/graph_summary_f67a6646.graph.json", "sha256": "f67a6646ccaa50fbda28cc28cd904c44467e3077c0b0115b7666888261241d8f", "size": 383}, "false_negatives": 219.0, "_step": 14, "true_negatives": 5727.0, "loss": 0.0801452025771141, "accuracy": 0.9694051742553711, "_timestamp": 1593568157.800166, "_runtime": 27.23307466506958, "epoch": 14, "true_positives": 5648.0, "false_positives": 140.0}
