{"graph": {"_type": "graph-file", "path": "media/graph/graph_summary_397c00c7.graph.json", "sha256": "397c00c7c5432cb783201c893b7843d7234a10ff90dc3cc10dfa9fb6989f0b1d", "size": 501}, "loss": 0.41357237100601196, "accuracy": 0.7881263494491577, "true_positives": 362.0, "_runtime": 15.862200260162354, "_timestamp": 1593555766.7702336, "false_negatives": 250.0, "epoch": 9, "false_positives": 139.0, "_step": 9, "true_negatives": 1085.0}
